ID,Req. Timestamp,Resp. Timestamp,Method,URL,Code,Reason,RTT,Size Resp. Header,Size Resp. Body
64,Sat Dec 13 15:02:47 CET 2025,Sat Dec 13 15:02:47 CET 2025,GET,http://129.241.150.69/2435254681524997697,404,Not Found,30,170,13
66,Sat Dec 13 15:02:47 CET 2025,Sat Dec 13 15:02:48 CET 2025,GET,http://129.241.150.69/PSIA/4738868623666066657,404,Not Found,24,170,13
68,Sat Dec 13 15:02:48 CET 2025,Sat Dec 13 15:02:48 CET 2025,GET,http://129.241.150.69/PSIA/YG/8997845015328963695,404,Not Found,26,170,13
70,Sat Dec 13 15:02:48 CET 2025,Sat Dec 13 15:02:48 CET 2025,GET,http://129.241.150.69/PSIA/YG/system/6821010814251778305,404,Not Found,25,170,13
72,Sat Dec 13 15:02:48 CET 2025,Sat Dec 13 15:02:48 CET 2025,GET,http://129.241.150.69/css/7667669421552542589,404,Not Found,23,170,13
74,Sat Dec 13 15:02:48 CET 2025,Sat Dec 13 15:02:48 CET 2025,GET,http://129.241.150.69/images/6485266326604084396,404,Not Found,25,170,13
76,Sat Dec 13 15:02:48 CET 2025,Sat Dec 13 15:02:48 CET 2025,GET,http://129.241.150.69/images/login/7929266644758622684,404,Not Found,25,170,13
78,Sat Dec 13 15:02:48 CET 2025,Sat Dec 13 15:02:48 CET 2025,GET,http://129.241.150.69/script/2834699348033615284,404,Not Found,25,170,13
80,Sat Dec 13 15:02:48 CET 2025,Sat Dec 13 15:02:48 CET 2025,GET,http://129.241.150.69/xml/724148257134613198,404,Not Found,25,170,13
82,Sat Dec 13 15:02:48 CET 2025,Sat Dec 13 15:02:48 CET 2025,GET,http://129.241.150.69/xml/en/3964510267157367394,404,Not Found,24,170,13
84,Sat Dec 13 15:02:48 CET 2025,Sat Dec 13 15:02:48 CET 2025,GET,http://129.241.150.69/WEB-INF/web.xml,404,Not Found,25,170,13
85,Sat Dec 13 15:02:48 CET 2025,Sat Dec 13 15:02:48 CET 2025,GET,http://129.241.150.69/?-s,200,OK,26,164,2138
86,Sat Dec 13 15:02:48 CET 2025,Sat Dec 13 15:02:48 CET 2025,GET,http://129.241.150.69/WEB-INF/applicationContext.xml,404,Not Found,24,170,13
87,Sat Dec 13 15:02:48 CET 2025,Sat Dec 13 15:02:48 CET 2025,POST,http://129.241.150.69/?-d+allow_url_include%3d1+-d+auto_prepend_file%3dphp://input,404,Not Found,24,170,13
88,Sat Dec 13 15:02:48 CET 2025,Sat Dec 13 15:02:48 CET 2025,POST,http://129.241.150.69/?-d+allow_url_include%3d1+-d+auto_prepend_file%3dphp://input,404,Not Found,35,170,13
89,Sat Dec 13 15:02:48 CET 2025,Sat Dec 13 15:02:48 CET 2025,GET,http://129.241.150.69/,200,OK,25,164,2138
90,Sat Dec 13 15:02:50 CET 2025,Sat Dec 13 15:02:50 CET 2025,GET,http://129.241.150.69/,200,OK,27,164,2138
91,Sat Dec 13 15:02:50 CET 2025,Sat Dec 13 15:02:50 CET 2025,GET,http://129.241.150.69/script/LAB.min.js,200,OK,25,170,5490
92,Sat Dec 13 15:02:50 CET 2025,Sat Dec 13 15:02:50 CET 2025,GET,http://129.241.150.69/css/login.css,200,OK,25,163,1708
93,Sat Dec 13 15:02:50 CET 2025,Sat Dec 13 15:02:50 CET 2025,GET,http://129.241.150.69/css/base.css,200,OK,26,163,1016
94,Sat Dec 13 15:02:50 CET 2025,Sat Dec 13 15:02:50 CET 2025,GET,http://129.241.150.69/images/login/loginnoraml_btn.gif,200,OK,26,148,399
95,Sat Dec 13 15:02:50 CET 2025,Sat Dec 13 15:02:50 CET 2025,GET,http://129.241.150.69/images/login/login.jpg,200,OK,50,151,25976
96,Sat Dec 13 15:02:50 CET 2025,Sat Dec 13 15:02:50 CET 2025,GET,http://129.241.150.69/images/login/kuang.png,200,OK,51,150,32070
97,Sat Dec 13 15:02:50 CET 2025,Sat Dec 13 15:02:50 CET 2025,GET,http://129.241.150.69/images/login/logo.gif,200,OK,51,150,18534
98,Sat Dec 13 15:02:50 CET 2025,Sat Dec 13 15:02:50 CET 2025,GET,http://129.241.150.69/script/global_config.js?version=Sat%20Dec%2013%202025%2015:02:50%20GMT+0100%20(Central%20European%20Standard%20Time),200,OK,31,168,90
99,Sat Dec 13 15:02:50 CET 2025,Sat Dec 13 15:02:50 CET 2025,GET,http://129.241.150.69/favicon.ico,200,OK,27,152,4286
100,Sat Dec 13 15:02:50 CET 2025,Sat Dec 13 15:02:50 CET 2025,GET,http://129.241.150.69/script/jquery.cookie.js,200,OK,27,170,3597
101,Sat Dec 13 15:02:50 CET 2025,Sat Dec 13 15:02:50 CET 2025,GET,http://129.241.150.69/script/Translator.js?version=0.0.0.1801171613,200,OK,27,171,16909
102,Sat Dec 13 15:02:50 CET 2025,Sat Dec 13 15:02:50 CET 2025,GET,http://129.241.150.69/script/jquery_modal.js,200,OK,27,170,8077
103,Sat Dec 13 15:02:50 CET 2025,Sat Dec 13 15:02:50 CET 2025,GET,http://129.241.150.69/script/common.js?version=0.0.0.1801171613,200,OK,49,171,35292
104,Sat Dec 13 15:02:50 CET 2025,Sat Dec 13 15:02:50 CET 2025,GET,http://129.241.150.69/script/login.js?version=0.0.0.1801171613,200,OK,51,171,13864
105,Sat Dec 13 15:02:50 CET 2025,Sat Dec 13 15:02:50 CET 2025,GET,http://129.241.150.69/script/jquery-1.7.2.min.js,200,OK,73,171,94840
106,Sat Dec 13 15:02:50 CET 2025,Sat Dec 13 15:02:50 CET 2025,GET,http://129.241.150.69/xml/Languages.xml?version=,200,OK,24,201,136
107,Sat Dec 13 15:02:50 CET 2025,Sat Dec 13 15:02:50 CET 2025,GET,http://129.241.150.69/xml/Languages.xml?version=,200,OK,23,201,136
108,Sat Dec 13 15:02:50 CET 2025,Sat Dec 13 15:02:50 CET 2025,GET,http://129.241.150.69/xml/en/Login.xml,200,OK,25,198,1164
109,Sat Dec 13 15:02:50 CET 2025,Sat Dec 13 15:02:50 CET 2025,GET,http://129.241.150.69/xml/en/Main.xml,200,OK,26,197,5628
110,Sat Dec 13 15:02:50 CET 2025,Sat Dec 13 15:02:50 CET 2025,GET,http://129.241.150.69/PSIA/YG/system/time,200,OK,176,192,198
111,Sat Dec 13 15:02:52 CET 2025,Sat Dec 13 15:02:52 CET 2025,GET,http://129.241.150.69/images/login/loginsel_btn.gif,200,OK,26,148,480
112,Sat Dec 13 15:02:54 CET 2025,Sat Dec 13 15:02:54 CET 2025,GET,http://129.241.150.69/?name=abc,200,OK,25,164,2138
113,Sat Dec 13 15:02:54 CET 2025,Sat Dec 13 15:02:54 CET 2025,GET,http://129.241.150.69/script/LAB.min.js,200,OK,25,170,5490
114,Sat Dec 13 15:02:54 CET 2025,Sat Dec 13 15:02:54 CET 2025,GET,http://129.241.150.69/css/base.css,200,OK,25,163,1016
115,Sat Dec 13 15:02:54 CET 2025,Sat Dec 13 15:02:54 CET 2025,GET,http://129.241.150.69/css/login.css,200,OK,25,163,1708
116,Sat Dec 13 15:02:54 CET 2025,Sat Dec 13 15:02:54 CET 2025,GET,http://129.241.150.69/images/login/loginnoraml_btn.gif,200,OK,27,148,399
117,Sat Dec 13 15:02:54 CET 2025,Sat Dec 13 15:02:54 CET 2025,GET,http://129.241.150.69/script/global_config.js?version=Sat%20Dec%2013%202025%2015:02:54%20GMT+0100%20(Central%20European%20Standard%20Time),200,OK,24,168,90
118,Sat Dec 13 15:02:54 CET 2025,Sat Dec 13 15:02:54 CET 2025,GET,http://129.241.150.69/images/login/login.jpg,200,OK,49,151,25976
119,Sat Dec 13 15:02:54 CET 2025,Sat Dec 13 15:02:54 CET 2025,GET,http://129.241.150.69/images/login/logo.gif,200,OK,52,150,18534
120,Sat Dec 13 15:02:54 CET 2025,Sat Dec 13 15:02:54 CET 2025,GET,http://129.241.150.69/images/login/kuang.png,200,OK,52,150,32070
121,Sat Dec 13 15:02:54 CET 2025,Sat Dec 13 15:02:54 CET 2025,GET,http://129.241.150.69/script/jquery.cookie.js,200,OK,27,170,3597
122,Sat Dec 13 15:02:54 CET 2025,Sat Dec 13 15:02:54 CET 2025,GET,http://129.241.150.69/script/Translator.js?version=0.0.0.1801171613,200,OK,51,171,16909
123,Sat Dec 13 15:02:54 CET 2025,Sat Dec 13 15:02:54 CET 2025,GET,http://129.241.150.69/script/common.js?version=0.0.0.1801171613,200,OK,52,171,35292
124,Sat Dec 13 15:02:54 CET 2025,Sat Dec 13 15:02:54 CET 2025,GET,http://129.241.150.69/script/jquery_modal.js,200,OK,53,170,8077
125,Sat Dec 13 15:02:54 CET 2025,Sat Dec 13 15:02:54 CET 2025,GET,http://129.241.150.69/script/login.js?version=0.0.0.1801171613,200,OK,79,171,13864
126,Sat Dec 13 15:02:54 CET 2025,Sat Dec 13 15:02:54 CET 2025,GET,http://129.241.150.69/script/jquery-1.7.2.min.js,200,OK,96,171,94840
127,Sat Dec 13 15:02:54 CET 2025,Sat Dec 13 15:02:54 CET 2025,GET,http://129.241.150.69/xml/Languages.xml?version=,200,OK,24,201,136
128,Sat Dec 13 15:02:54 CET 2025,Sat Dec 13 15:02:54 CET 2025,GET,http://129.241.150.69/xml/Languages.xml?version=,200,OK,24,201,136
129,Sat Dec 13 15:02:54 CET 2025,Sat Dec 13 15:02:54 CET 2025,GET,http://129.241.150.69/xml/en/Login.xml,200,OK,25,198,1164
130,Sat Dec 13 15:02:54 CET 2025,Sat Dec 13 15:02:54 CET 2025,GET,http://129.241.150.69/xml/en/Main.xml,200,OK,26,197,5628
131,Sat Dec 13 15:02:54 CET 2025,Sat Dec 13 15:02:54 CET 2025,GET,http://129.241.150.69/PSIA/YG/system/time,200,OK,163,192,198
132,Sat Dec 13 15:02:55 CET 2025,Sat Dec 13 15:02:55 CET 2025,GET,http://129.241.150.69/images/login/loginsel_btn.gif,200,OK,25,148,480
133,Sat Dec 13 15:02:56 CET 2025,Sat Dec 13 15:02:56 CET 2025,GET,http://129.241.150.69/?class.module.classLoader.DefaultAssertionStatus=nonsense,200,OK,26,164,2138
134,Sat Dec 13 15:02:56 CET 2025,Sat Dec 13 15:02:56 CET 2025,POST,http://129.241.150.69/,404,Not Found,26,170,13
135,Sat Dec 13 15:02:56 CET 2025,Sat Dec 13 15:02:56 CET 2025,POST,http://129.241.150.69/,404,Not Found,24,170,13
136,Sat Dec 13 15:02:56 CET 2025,Sat Dec 13 15:02:56 CET 2025,GET,http://129.241.150.69/latest/meta-data/,404,Not Found,25,170,13
137,Sat Dec 13 15:02:56 CET 2025,Sat Dec 13 15:02:56 CET 2025,GET,http://129.241.150.69/latest/meta-data/,404,Not Found,25,170,13
138,Sat Dec 13 15:02:56 CET 2025,Sat Dec 13 15:02:56 CET 2025,GET,http://129.241.150.69/computeMetadata/v1/,404,Not Found,25,170,13
139,Sat Dec 13 15:02:56 CET 2025,Sat Dec 13 15:02:56 CET 2025,GET,http://129.241.150.69/computeMetadata/v1/,404,Not Found,24,170,13
140,Sat Dec 13 15:02:56 CET 2025,Sat Dec 13 15:02:56 CET 2025,GET,http://129.241.150.69/opc/v1/instance/,404,Not Found,26,170,13
141,Sat Dec 13 15:02:56 CET 2025,Sat Dec 13 15:02:56 CET 2025,GET,http://129.241.150.69/opc/v1/instance/,404,Not Found,25,170,13
142,Sat Dec 13 15:02:56 CET 2025,Sat Dec 13 15:02:56 CET 2025,GET,http://129.241.150.69/latest/meta-data/,404,Not Found,25,170,13
143,Sat Dec 13 15:02:56 CET 2025,Sat Dec 13 15:02:56 CET 2025,GET,http://129.241.150.69/latest/meta-data/,404,Not Found,25,170,13
144,Sat Dec 13 15:02:56 CET 2025,Sat Dec 13 15:02:56 CET 2025,GET,http://129.241.150.69/metadata/instance,404,Not Found,24,170,13
145,Sat Dec 13 15:02:56 CET 2025,Sat Dec 13 15:02:56 CET 2025,GET,http://129.241.150.69/,200,OK,23,164,2138
146,Sat Dec 13 15:02:56 CET 2025,Sat Dec 13 15:02:56 CET 2025,GET,http://129.241.150.69/elmah.axd,404,Not Found,24,170,13
147,Sat Dec 13 15:02:56 CET 2025,Sat Dec 13 15:02:56 CET 2025,GET,http://129.241.150.69/trace.axd,404,Not Found,25,170,13
148,Sat Dec 13 15:02:56 CET 2025,Sat Dec 13 15:02:56 CET 2025,GET,http://129.241.150.69/.htaccess,404,Not Found,24,170,13
149,Sat Dec 13 15:02:56 CET 2025,Sat Dec 13 15:02:56 CET 2025,GET,http://129.241.150.69/.env,404,Not Found,24,170,13
150,Sat Dec 13 15:02:56 CET 2025,Sat Dec 13 15:02:56 CET 2025,GET,http://129.241.150.69/zap6638209361037774688,404,Not Found,24,170,13
151,Sat Dec 13 15:02:56 CET 2025,Sat Dec 13 15:02:56 CET 2025,GET,http://129.241.150.69/actuator/health,404,Not Found,24,170,13
152,Sat Dec 13 15:02:56 CET 2025,Sat Dec 13 15:02:56 CET 2025,GET,http://129.241.150.69/.zap6157727660182547756,404,Not Found,25,170,13
153,Sat Dec 13 15:02:56 CET 2025,Sat Dec 13 15:02:56 CET 2025,GET,http://129.241.150.69/actuator/health,404,Not Found,24,170,13
154,Sat Dec 13 15:02:56 CET 2025,Sat Dec 13 15:02:56 CET 2025,GET,http://129.241.150.69/lfm.php,404,Not Found,24,170,13
155,Sat Dec 13 15:02:56 CET 2025,Sat Dec 13 15:02:56 CET 2025,GET,http://129.241.150.69/.idea/WebServers.xml,404,Not Found,23,170,13
156,Sat Dec 13 15:02:56 CET 2025,Sat Dec 13 15:02:56 CET 2025,GET,http://129.241.150.69/config/databases.yml,404,Not Found,23,170,13
157,Sat Dec 13 15:02:56 CET 2025,Sat Dec 13 15:02:56 CET 2025,GET,http://129.241.150.69/config/database.yml,404,Not Found,23,170,13
158,Sat Dec 13 15:02:56 CET 2025,Sat Dec 13 15:02:56 CET 2025,GET,http://129.241.150.69/.git/config,404,Not Found,23,170,13
159,Sat Dec 13 15:02:56 CET 2025,Sat Dec 13 15:02:56 CET 2025,GET,http://129.241.150.69/.svn/entries,404,Not Found,25,170,13
160,Sat Dec 13 15:02:56 CET 2025,Sat Dec 13 15:02:56 CET 2025,GET,http://129.241.150.69/.svn/wc.db,404,Not Found,25,170,13
161,Sat Dec 13 15:02:56 CET 2025,Sat Dec 13 15:02:56 CET 2025,GET,http://129.241.150.69/CVS/root,404,Not Found,24,170,13
162,Sat Dec 13 15:02:56 CET 2025,Sat Dec 13 15:02:56 CET 2025,GET,http://129.241.150.69/server-status,404,Not Found,25,170,13
163,Sat Dec 13 15:02:56 CET 2025,Sat Dec 13 15:02:56 CET 2025,GET,http://129.241.150.69/core,404,Not Found,24,170,13
164,Sat Dec 13 15:02:56 CET 2025,Sat Dec 13 15:02:56 CET 2025,GET,http://129.241.150.69/sftp-config.json,404,Not Found,24,170,13
165,Sat Dec 13 15:02:56 CET 2025,Sat Dec 13 15:02:56 CET 2025,GET,http://129.241.150.69/WS_FTP.ini,404,Not Found,23,170,13
166,Sat Dec 13 15:02:56 CET 2025,Sat Dec 13 15:02:56 CET 2025,GET,http://129.241.150.69/ws_ftp.ini,404,Not Found,23,170,13
167,Sat Dec 13 15:02:56 CET 2025,Sat Dec 13 15:02:56 CET 2025,GET,http://129.241.150.69/WS_FTP.INI,404,Not Found,24,170,13
168,Sat Dec 13 15:02:56 CET 2025,Sat Dec 13 15:02:56 CET 2025,GET,http://129.241.150.69/filezilla.xml,404,Not Found,23,170,13
169,Sat Dec 13 15:02:56 CET 2025,Sat Dec 13 15:02:56 CET 2025,GET,http://129.241.150.69/sitemanager.xml,404,Not Found,24,170,13
170,Sat Dec 13 15:02:56 CET 2025,Sat Dec 13 15:02:56 CET 2025,GET,http://129.241.150.69/FileZilla.xml,404,Not Found,23,170,13
171,Sat Dec 13 15:02:56 CET 2025,Sat Dec 13 15:02:57 CET 2025,GET,http://129.241.150.69/winscp.ini,404,Not Found,24,170,13
172,Sat Dec 13 15:02:57 CET 2025,Sat Dec 13 15:02:57 CET 2025,GET,http://129.241.150.69/WinSCP.ini,404,Not Found,24,170,13
173,Sat Dec 13 15:02:57 CET 2025,Sat Dec 13 15:02:57 CET 2025,GET,http://129.241.150.69/.DS_Store,404,Not Found,24,170,13
174,Sat Dec 13 15:02:57 CET 2025,Sat Dec 13 15:02:57 CET 2025,GET,http://129.241.150.69/.php_cs.cache,404,Not Found,24,170,13
175,Sat Dec 13 15:02:57 CET 2025,Sat Dec 13 15:02:57 CET 2025,GET,http://129.241.150.69/DEADJOE,404,Not Found,24,170,13
176,Sat Dec 13 15:02:57 CET 2025,Sat Dec 13 15:02:57 CET 2025,GET,http://129.241.150.69/sites/default/private/files/backup_migrate/scheduled/test.txt,404,Not Found,23,170,13
177,Sat Dec 13 15:02:57 CET 2025,Sat Dec 13 15:02:57 CET 2025,GET,http://129.241.150.69/app/etc/local.xml,404,Not Found,24,170,13
178,Sat Dec 13 15:02:57 CET 2025,Sat Dec 13 15:02:57 CET 2025,GET,http://129.241.150.69/server.key,404,Not Found,24,170,13
179,Sat Dec 13 15:02:57 CET 2025,Sat Dec 13 15:02:57 CET 2025,GET,http://129.241.150.69/privatekey.key,404,Not Found,23,170,13
180,Sat Dec 13 15:02:57 CET 2025,Sat Dec 13 15:02:57 CET 2025,GET,http://129.241.150.69/myserver.key,404,Not Found,24,170,13
181,Sat Dec 13 15:02:57 CET 2025,Sat Dec 13 15:02:57 CET 2025,GET,http://129.241.150.69/key.pem,404,Not Found,25,170,13
182,Sat Dec 13 15:02:57 CET 2025,Sat Dec 13 15:02:57 CET 2025,GET,http://129.241.150.69/id_rsa,404,Not Found,23,170,13
183,Sat Dec 13 15:02:57 CET 2025,Sat Dec 13 15:02:57 CET 2025,GET,http://129.241.150.69/id_dsa,404,Not Found,23,170,13
184,Sat Dec 13 15:02:57 CET 2025,Sat Dec 13 15:02:57 CET 2025,GET,http://129.241.150.69/.ssh/id_rsa,404,Not Found,23,170,13
185,Sat Dec 13 15:02:57 CET 2025,Sat Dec 13 15:02:57 CET 2025,GET,http://129.241.150.69/.ssh/id_dsa,404,Not Found,23,170,13
186,Sat Dec 13 15:02:57 CET 2025,Sat Dec 13 15:02:57 CET 2025,GET,http://129.241.150.69/adminer.php,404,Not Found,24,170,13
187,Sat Dec 13 15:02:57 CET 2025,Sat Dec 13 15:02:57 CET 2025,GET,http://129.241.150.69/vb_test.php,404,Not Found,23,170,13
188,Sat Dec 13 15:02:57 CET 2025,Sat Dec 13 15:02:57 CET 2025,GET,http://129.241.150.69/CHANGELOG.txt,404,Not Found,23,170,13
189,Sat Dec 13 15:02:57 CET 2025,Sat Dec 13 15:02:57 CET 2025,GET,http://129.241.150.69/sites/default/files/.ht.sqlite,404,Not Found,24,170,13
190,Sat Dec 13 15:02:57 CET 2025,Sat Dec 13 15:02:57 CET 2025,GET,http://129.241.150.69/composer.json,404,Not Found,23,170,13
191,Sat Dec 13 15:02:57 CET 2025,Sat Dec 13 15:02:57 CET 2025,GET,http://129.241.150.69/composer.lock,404,Not Found,23,170,13
192,Sat Dec 13 15:02:57 CET 2025,Sat Dec 13 15:02:57 CET 2025,GET,http://129.241.150.69/vim_settings.xml,404,Not Found,23,170,13
193,Sat Dec 13 15:02:57 CET 2025,Sat Dec 13 15:02:57 CET 2025,GET,http://129.241.150.69/server-info,404,Not Found,23,170,13
194,Sat Dec 13 15:02:57 CET 2025,Sat Dec 13 15:02:57 CET 2025,GET,http://129.241.150.69/phpinfo.php,404,Not Found,23,170,13
195,Sat Dec 13 15:02:57 CET 2025,Sat Dec 13 15:02:57 CET 2025,GET,http://129.241.150.69/info.php,404,Not Found,24,170,13
196,Sat Dec 13 15:02:57 CET 2025,Sat Dec 13 15:02:57 CET 2025,GET,http://129.241.150.69/i.php,404,Not Found,24,170,13
197,Sat Dec 13 15:02:57 CET 2025,Sat Dec 13 15:02:57 CET 2025,GET,http://129.241.150.69/test.php,404,Not Found,24,170,13
198,Sat Dec 13 15:02:57 CET 2025,Sat Dec 13 15:02:57 CET 2025,GET,http://129.241.150.69/_wpeprivate/config.json,404,Not Found,24,170,13
199,Sat Dec 13 15:02:57 CET 2025,Sat Dec 13 15:02:57 CET 2025,GET,http://129.241.150.69/_framework/blazor.boot.json,404,Not Found,23,170,13
200,Sat Dec 13 15:02:57 CET 2025,Sat Dec 13 15:02:57 CET 2025,GET,http://129.241.150.69/.hg,404,Not Found,24,170,13
201,Sat Dec 13 15:02:57 CET 2025,Sat Dec 13 15:02:57 CET 2025,GET,http://129.241.150.69/.bzr,404,Not Found,23,170,13
202,Sat Dec 13 15:02:57 CET 2025,Sat Dec 13 15:02:57 CET 2025,GET,http://129.241.150.69/._darcs,404,Not Found,24,170,13
203,Sat Dec 13 15:02:57 CET 2025,Sat Dec 13 15:02:57 CET 2025,GET,http://129.241.150.69/BitKeeper,404,Not Found,26,170,13
204,Sat Dec 13 15:02:57 CET 2025,Sat Dec 13 15:02:57 CET 2025,GET,http://129.241.150.69/,200,OK,23,164,2138
205,Sat Dec 13 15:02:57 CET 2025,Sat Dec 13 15:02:57 CET 2025,GET,http://129.241.150.69/,200,OK,24,164,2138
206,Sat Dec 13 15:02:57 CET 2025,Sat Dec 13 15:02:57 CET 2025,GET,http://129.241.150.69/,200,OK,24,164,2138
207,Sat Dec 13 15:02:57 CET 2025,Sat Dec 13 15:02:57 CET 2025,GET,http://129.241.150.69/,200,OK,23,164,2138
208,Sat Dec 13 15:02:57 CET 2025,Sat Dec 13 15:02:57 CET 2025,GET,http://129.241.150.69/,200,OK,24,164,2138
209,Sat Dec 13 15:02:57 CET 2025,Sat Dec 13 15:02:57 CET 2025,GET,http://129.241.150.69/,200,OK,24,164,2138
210,Sat Dec 13 15:02:57 CET 2025,Sat Dec 13 15:02:57 CET 2025,GET,http://129.241.150.69/,200,OK,24,164,2138
211,Sat Dec 13 15:02:57 CET 2025,Sat Dec 13 15:02:57 CET 2025,GET,http://129.241.150.69/,200,OK,25,164,2138
212,Sat Dec 13 15:02:57 CET 2025,Sat Dec 13 15:02:58 CET 2025,GET,http://129.241.150.69/,200,OK,23,164,2138
213,Sat Dec 13 15:02:58 CET 2025,Sat Dec 13 15:02:58 CET 2025,GET,http://129.241.150.69/,200,OK,24,164,2138
214,Sat Dec 13 15:02:58 CET 2025,Sat Dec 13 15:02:58 CET 2025,GET,http://129.241.150.69/,200,OK,24,164,2138
215,Sat Dec 13 15:02:58 CET 2025,Sat Dec 13 15:02:58 CET 2025,GET,http://129.241.150.69/,200,OK,23,164,2138
